File,H1 Tag,Main Keyword,Search Volume,Better Keyword 1,Volume 1,Better Keyword 2,Volume 2,Better Keyword 3,Volume 3
"7z-extractor-convert.html","7Z Extractor - Preview & Download","7z extractor",8100,"N/A",0,"N/A",0,"N/A",0
"7z-extractor.html","7Z Extractor - Convert Online Free","7z extractor",8100,"N/A",0,"N/A",0,"N/A",0
"7z-to-zip-convert.html","7Z to ZIP - Preview & Download","7z to zip",500,"N/A",0,"N/A",0,"N/A",0
"7z-to-zip.html","7Z to ZIP - Convert Online Free","7z to zip",500,"N/A",0,"N/A",0,"N/A",0
"Indian-style-Resume-generator.html","Indian Style Resume Generator - Create Professional Resume Online Free","resume generator",27100,"resume maker online free",110000,"resume builder",90500,"online resume creator",33100
"about.html","About - Online Free Tool","about -",500,"N/A",0,"N/A",0,"N/A",0
"accounts.html","Accounts - Online Free Tool","accounts -",500,"N/A",0,"N/A",0,"N/A",0
"add-page-numbers-convert.html","Add Page Numbers to PDF - Download Your Numbered PDF","add page numbers",8100,"add page numbers to pdf",8100,"number pdf pages",6600,"N/A",0
"add-page-numbers.html","Add Page Numbers - Online Free Tool","add page numbers",8100,"N/A",0,"N/A",0,"N/A",0
"ai-image-generator.html","Ai Image Generator - Online Free Tool","ai image generator",22200,"N/A",0,"N/A",0,"N/A",0
"ai-to-png-convert.html","Ai To Png - Online Free Tool","ai to png",500,"N/A",0,"N/A",0,"N/A",0
"ai-to-png.html","Ai To Png - Online Free Tool","ai to png",500,"N/A",0,"N/A",0,"N/A",0
"ai-to-svg-convert.html","Ai To Svg - Online Free Tool","ai to svg",500,"N/A",0,"N/A",0,"N/A",0
"ai-to-svg.html","Ai To Svg - Online Free Tool","ai to svg",500,"N/A",0,"N/A",0,"N/A",0
"attributions.html","Attributions - Online Free Tool","attributions -",500,"N/A",0,"N/A",0,"N/A",0
"avif-to-jpg-convert.html","Avif To Jpg - Online Free Tool","avif to jpg",500,"N/A",0,"N/A",0,"N/A",0
"avif-to-jpg.html","Avif To Jpg - Online Free Tool","avif to jpg",500,"N/A",0,"N/A",0,"N/A",0
"avif-to-png-convert.html","Avif To Png - Online Free Tool","avif to png",500,"N/A",0,"N/A",0,"N/A",0
"avif-to-png.html","Avif To Png - Online Free Tool","avif to png",500,"N/A",0,"N/A",0,"N/A",0
"azw3-to-epub-convert.html","Azw3 To Epub - Online Free Tool","azw3 to epub",500,"N/A",0,"N/A",0,"N/A",0
"azw3-to-epub.html","Azw3 To Epub - Online Free Tool","azw3 to epub",500,"N/A",0,"N/A",0,"N/A",0
"background-remover.html","Remove Background from Image - AI Background Remover Online Free","remove background",135000,"remove background from image",135000,"background remover online",90500,"N/A",0
"background-style.html","Background Style - Online Free Tool","background style -",40500,"N/A",0,"N/A",0,"N/A",0
"background-workspace.html","AI Background Removal Workspace - Remove Background Online Free","remove background",135000,"N/A",0,"N/A",0,"N/A",0
"batch-zip-converter-convert.html","Batch Ziper - Online Free Tool","batch ziper -",500,"N/A",0,"N/A",0,"N/A",0
"batch-zip-converter.html","Batch Ziper - Online Free Tool","batch ziper -",500,"N/A",0,"N/A",0,"N/A",0
"biodata-maker.html","Marriage Biodata Maker - Online Free Tool","biodata maker",14800,"resume maker online free",110000,"resume builder",90500,"online resume creator",33100
"blog-articles.html","Blog Articles - Online Free Tool","blog articles -",500,"N/A",0,"N/A",0,"N/A",0
"blog-guides.html","Blog Guides - Online Free Tool","blog guides -",500,"N/A",0,"N/A",0,"N/A",0
"blog-how-to-add-page-numbers.html","Blog How To Add Page Numbers - Online Free Tool","blog how to",500,"N/A",0,"N/A",0,"N/A",0
"blog-how-to-compress-image.html","Blog How To Compress Image - Online Free Tool","compress image",27100,"compress image online free",27100,"image compressor",18100,"N/A",0
"blog-how-to-compress-pdf.html","Compress PDF - Reduce PDF File Size Online Free","compress pdf",60500,"compress pdf online free",60500,"reduce pdf size",33100,"N/A",0
"blog-how-to-crop-pdf.html","Crop PDF - Crop PDF Pages Online Free","crop pdf",9900,"crop pdf pages",9900,"pdf cropper",8100,"N/A",0
"blog-how-to-edit-image.html","Blog How To Edit Image - Online Free Tool","blog how to",500,"edit image online free",22200,"online image editor",14800,"N/A",0
"blog-how-to-edit-pdf.html","Edit PDF Online - Free PDF Editor","edit pdf",49500,"edit pdf online free",49500,"pdf editor online",33100,"N/A",0
"blog-how-to-generate-ai-image.html","Blog How To Generate Ai Image - Online Free Tool","blog how to",500,"N/A",0,"N/A",0,"N/A",0
"blog-how-to-make-biodata.html","Blog How To Make Biodata - Online Free Tool","blog how to",500,"resume maker online free",110000,"resume builder",90500,"online resume creator",33100
"blog-how-to-make-marriage-card.html","Blog How To Make Marriage Card - Online Free Tool","blog how to",500,"N/A",0,"N/A",0,"N/A",0
"blog-how-to-make-resume.html","Blog How To Make Resume - Online Free Tool","blog how to",500,"resume maker online free",110000,"resume builder",90500,"online resume creator",33100
"blog-how-to-merge-pdf.html","Merge PDF Files - Combine Multiple PDFs Online Free","merge pdf",90000,"merge pdf online free",90000,"combine pdf files",49500,"N/A",0
"blog-how-to-ocr-image.html","OCR Image - Extract Text from Image Online Free","ocr image",12100,"ocr image to text",12100,"image to text converter",9900,"N/A",0
"blog-how-to-protect-excel.html","Blog How To Protect Excel - Online Free Tool","blog how to",500,"N/A",0,"N/A",0,"N/A",0
"blog-how-to-protect-pdf.html","Protect PDF - Password Protect PDF Online Free","protect pdf",18100,"password protect pdf",18100,"secure pdf",12100,"N/A",0
"blog-how-to-remove-background.html","Blog How To Remove Background - Online Free Tool","remove background",135000,"N/A",0,"N/A",0,"N/A",0
"blog-how-to-resize-image.html","Blog How To Resize Image - Online Free Tool","resize image",33100,"resize image online free",33100,"image resizer",22200,"N/A",0
"blog-how-to-split-pdf.html","Split PDF - Split PDF Pages Online Free","split pdf",74000,"split pdf online free",74000,"divide pdf",18100,"N/A",0
"blog-how-to-unlock-pdf.html","Unlock PDF - Remove PDF Password Online Free","unlock pdf",14800,"password protect pdf",18100,"secure pdf",12100,"N/A",0
"blog-how-to-use-excel-to-pdf.html","Excel to PDF Converter - Convert XLS/XLSX to PDF Online Free","pdf converter",450000,"excel to pdf converter",33100,"xls to pdf",22200,"N/A",0
"blog-how-to-use-jpg-to-pdf.html","Blog How To Use Jpg To Pdf - Online Free Tool","jpg to pdf",165000,"jpg to pdf converter",165000,"image to pdf",90500,"N/A",0
"blog-how-to-use-ppt-to-pdf.html","PowerPoint to PDF Converter - Convert PPT/PPTX to PDF Online Free","pdf converter",450000,"ppt to pdf converter",22200,"powerpoint to pdf",18100,"N/A",0
"blog-how-to-use-word-to-pdf.html","Word to PDF Converter - Convert DOC/DOCX to PDF Online Free","pdf converter",450000,"word to pdf converter",135000,"doc to pdf",90500,"N/A",0
"blog-how-to-watermark-image.html","Blog How To Watermark Image - Online Free Tool","watermark image",14800,"add watermark to image",14800,"image watermark",12100,"N/A",0
"blog-how-to-watermark-pdf.html","Watermark PDF - Add Watermark to PDF Online Free","watermark pdf",12100,"add watermark to pdf",12100,"pdf watermark",9900,"N/A",0
"blog-news.html","Blog News - Online Free Tool","blog news -",500,"N/A",0,"N/A",0,"N/A",0
"blog-tips.html","Blog Tips - Online Free Tool","blog tips -",500,"N/A",0,"N/A",0,"N/A",0
"blog-tutorials.html","Blog Tutorials - Online Free Tool","blog tutorials -",500,"N/A",0,"N/A",0,"N/A",0
"blog-why-user-pdf-to-excel.html","PDF to Excel Converter - Convert PDF to XLS/XLSX Online Free","pdf to excel",40500,"pdf to excel converter",40500,"pdf to xls",27100,"N/A",0
"blog-why-user-pdf-to-jpg.html","PDF to JPG Converter - Convert PDF to Images Online Free","pdf to jpg",49500,"pdf to jpg converter",49500,"pdf to image",33100,"N/A",0
"blog-why-user-pdf-to-ppt.html","PDF to PowerPoint Converter - Convert PDF to PPT/PPTX Online Free","pdf to ppt",27100,"pdf to ppt converter",27100,"pdf to powerpoint",22200,"N/A",0
"blog-why-user-pdf-to-word.html","PDF to Word Converter - Convert PDF to DOC/DOCX Online Free","pdf to word",110000,"pdf to word converter",110000,"pdf to doc",90500,"N/A",0
"blog.html","Blog - Online Free Tool","blog -",500,"N/A",0,"N/A",0,"N/A",0
"bmp-to-jpg-convert.html","Bmp To Jpg - Online Free Tool","bmp to jpg",500,"N/A",0,"N/A",0,"N/A",0
"bmp-to-jpg.html","Bmp To Jpg - Online Free Tool","bmp to jpg",500,"N/A",0,"N/A",0,"N/A",0
"bmp-to-png-convert.html","Bmp To Png - Online Free Tool","bmp to png",500,"N/A",0,"N/A",0,"N/A",0
"bmp-to-png.html","Bmp To Png - Online Free Tool","bmp to png",500,"N/A",0,"N/A",0,"N/A",0
"compress-pdf.html","Compress PDF - Reduce PDF File Size Online Free","compress pdf",60500,"compress pdf online free",60500,"reduce pdf size",33100,"N/A",0
"contact.html","Contact - Online Free Tool","contact -",500,"N/A",0,"N/A",0,"N/A",0
"cr2-to-jpg-convert.html","Cr2 To Jpg - Online Free Tool","cr2 to jpg",500,"N/A",0,"N/A",0,"N/A",0
"cr2-to-jpg.html","Cr2 To Jpg - Online Free Tool","cr2 to jpg",500,"N/A",0,"N/A",0,"N/A",0
"crop-pdf.html","Free PDF Cropper - Crop PDF Pages Online | Remove Margins & Trim PDF","crop pdf",9900,"crop pdf pages",9900,"pdf cropper",8100,"N/A",0
"dashboard.html","Dashboard - Online Free Tool","dashboard -",500,"N/A",0,"N/A",0,"N/A",0
"disclaimer.html","Disclaimer - Online Free Tool","disclaimer -",500,"N/A",0,"N/A",0,"N/A",0
"dmca.html","Dmca - Online Free Tool","dmca -",500,"N/A",0,"N/A",0,"N/A",0
"edit-pdf.html","Edit PDF Online - Free PDF Editor","edit pdf",49500,"edit pdf online free",49500,"pdf editor online",33100,"N/A",0
"eps-to-png-convert.html","Eps To Png - Online Free Tool","eps to png",500,"N/A",0,"N/A",0,"N/A",0
"eps-to-png.html","Eps To Png - Online Free Tool","eps to png",500,"N/A",0,"N/A",0,"N/A",0
"epub-to-mobi-convert.html","Epub To Mobi - Online Free Tool","epub to mobi",500,"N/A",0,"N/A",0,"N/A",0
"epub-to-mobi.html","Epub To Mobi - Online Free Tool","epub to mobi",500,"N/A",0,"N/A",0,"N/A",0
"epub-to-pdf-convert.html","Epub To Pdf - Online Free Tool","epub to pdf",5000,"N/A",0,"N/A",0,"N/A",0
"epub-to-pdf.html","Epub To Pdf - Online Free Tool","epub to pdf",5000,"N/A",0,"N/A",0,"N/A",0
"excel-to-pdf-convert.html","Excel to PDF Converter - Convert XLS/XLSX to PDF Online Free","pdf converter",450000,"excel to pdf converter",33100,"xls to pdf",22200,"N/A",0
"excel-to-pdf.html","Excel to PDF Converter - Convert XLS/XLSX to PDF Online Free","pdf converter",450000,"excel to pdf converter",33100,"xls to pdf",22200,"N/A",0
"excel-unlocker.html","Excel Unlocker - Online Free Tool","excel unlocker -",12150,"N/A",0,"N/A",0,"N/A",0
"exif-data-remove-convert.html","Exif Data Remove - Online Free Tool","exif data remove",40500,"N/A",0,"N/A",0,"N/A",0
"exif-data-remove.html","Exif Data Remove - Online Free Tool","exif data remove",40500,"N/A",0,"N/A",0,"N/A",0
"fb2-to-pdf-convert.html","Fb2 To Pdf - Online Free Tool","fb2 to pdf",5000,"N/A",0,"N/A",0,"N/A",0
"fb2-to-pdf.html","Fb2 To Pdf - Online Free Tool","fb2 to pdf",5000,"N/A",0,"N/A",0,"N/A",0
"feedback.html","All Feedback & Comments","all feedback &",500,"N/A",0,"N/A",0,"N/A",0
"folder-to-zip-convert.html","Folder To Zip - Online Free Tool","folder to zip",500,"N/A",0,"N/A",0,"N/A",0
"folder-to-zip.html","Folder To Zip - Online Free Tool","folder to zip",500,"N/A",0,"N/A",0,"N/A",0
"generate-bg-removal-animations.html","Generate Bg Removal Animations - Online Free Tool","generate bg removal",500,"N/A",0,"N/A",0,"N/A",0
"hdr-to-jpg-convert.html","Hdr To Jpg - Online Free Tool","hdr to jpg",500,"N/A",0,"N/A",0,"N/A",0
"hdr-to-jpg.html","Hdr To Jpg - Online Free Tool","hdr to jpg",500,"N/A",0,"N/A",0,"N/A",0
"heic-to-jpg-convert.html","Heic To Jpg - Online Free Tool","heic to jpg",500,"N/A",0,"N/A",0,"N/A",0
"heic-to-jpg.html","Heic To Jpg - Online Free Tool","heic to jpg",500,"N/A",0,"N/A",0,"N/A",0
"image-compressor.html","Image Compressor - Compress Images Online Free","compress image",27100,"compress image online free",27100,"image compressor",18100,"N/A",0
"image-cropper-convert.html","Image Cropper - Online Free Tool","image cropper -",14850,"N/A",0,"N/A",0,"N/A",0
"image-cropper.html","Image Cropper - Online Free Tool","image cropper -",14850,"N/A",0,"N/A",0,"N/A",0
"image-editor-result.html","Image Editor Result - Your Edited Image is Ready","image editor",22200,"edit image online free",22200,"online image editor",14800,"N/A",0
"image-editor.html","Image Editor - Online Free Tool","image editor",22200,"edit image online free",22200,"online image editor",14800,"N/A",0
"image-repair-editor.html","Image Repair Editor - Fix and Restore Your Photos Online","image repair",18100,"edit image online free",22200,"online image editor",14800,"N/A",0
"image-repair.html","Image Repair Tool - Fix Damaged Photos Online Free","image repair",18100,"repair damaged image",18100,"fix corrupted image",12100,"N/A",0
"image-resizer-result.html","Resize Image Online Free - Image Resizer Tool 2025","resize image",33100,"resize image online free",33100,"image resizer",22200,"N/A",0
"image-resizer.html","Image Resizer - Resize Images Online Free","resize image",33100,"resize image online free",33100,"image resizer",22200,"N/A",0
"image-watermark.html","Free Image Watermark Tool - Add Watermark to Photos Online","image watermark",14850,"add watermark to image",14800,"image watermark",12100,"N/A",0
"index.html","All Converter Tools You Need in One Place","all tools",500,"N/A",0,"N/A",0,"N/A",0
"iso-extractor-convert.html","Iso Extractor - Online Free Tool","iso extractor -",3630,"N/A",0,"N/A",0,"N/A",0
"iso-extractor.html","Iso Extractor - Online Free Tool","iso extractor -",3630,"N/A",0,"N/A",0,"N/A",0
"jpg-to-pdf-convert.html","Jpg To Pdf - Online Free Tool","jpg to pdf",165000,"jpg to pdf converter",165000,"image to pdf",90500,"N/A",0
"jpg-to-pdf.html","Jpg To Pdf - Online Free Tool","jpg to pdf",165000,"jpg to pdf converter",165000,"image to pdf",90500,"N/A",0
"jpg-to-webp-convert.html","Jpg To Webp - Online Free Tool","jpg to webp",500,"N/A",0,"N/A",0,"N/A",0
"jpg-to-webp.html","Jpg To Webp - Online Free Tool","jpg to webp",500,"N/A",0,"N/A",0,"N/A",0
"kyc-support.html","KYC Support - Know Your Customer Verification Help","kyc support -",500,"N/A",0,"N/A",0,"N/A",0
"login.html","Login - Online Free Tool","login -",500,"N/A",0,"N/A",0,"N/A",0
"marriage-card.html","Marriage Card - Online Free Tool","marriage card -",500,"N/A",0,"N/A",0,"N/A",0
"merge-pdf-convert.html","Merge PDF Files - Combine Multiple PDFs Online Free","merge pdf",90000,"merge pdf online free",90000,"combine pdf files",49500,"N/A",0
"merge-pdf.html","Merge PDF Files - Combine Multiple PDFs Online Free","merge pdf",90000,"merge pdf online free",90000,"combine pdf files",49500,"N/A",0
"mobi-to-epub-convert.html","Mobi To Epub - Online Free Tool","mobi to epub",500,"N/A",0,"N/A",0,"N/A",0
"mobi-to-epub.html","Mobi To Epub - Online Free Tool","mobi to epub",500,"N/A",0,"N/A",0,"N/A",0
"ocr-image.html","OCR Image - Extract Text from Image Online Free","ocr image",12100,"ocr image to text",12100,"image to text converter",9900,"N/A",0
"online_resume_maker.html","Online Resume Maker - Create Professional Resume & CV Free","resume maker",110000,"resume maker online free",110000,"resume builder",90500,"online resume creator",33100
"payment-receipt.html","Payment Receipt - Online Free Tool","payment receipt -",500,"N/A",0,"N/A",0,"N/A",0
"pdf-editor-preview.html","Free Online PDF Editor - Edit PDF Files Online | Add Text; Images; OCR","edit pdf",49500,"edit pdf online free",49500,"pdf editor online",33100,"edit image online free",22200
"pdf-to-epub-convert.html","Pdf To Epub - Online Free Tool","pdf to epub",5000,"N/A",0,"N/A",0,"N/A",0
"pdf-to-epub.html","Pdf To Epub - Online Free Tool","pdf to epub",5000,"N/A",0,"N/A",0,"N/A",0
"pdf-to-excel-convert.html","PDF to Excel Converter - Convert PDF to XLS/XLSX Online Free","pdf to excel",40500,"pdf to excel converter",40500,"pdf to xls",27100,"N/A",0
"pdf-to-excel.html","PDF to Excel Converter - Convert PDF to XLS/XLSX Online Free","pdf to excel",40500,"pdf to excel converter",40500,"pdf to xls",27100,"N/A",0
"pdf-to-jpg-convert.html","PDF to JPG Converter - Convert PDF to Images Online Free","pdf to jpg",49500,"pdf to jpg converter",49500,"pdf to image",33100,"N/A",0
"pdf-to-jpg.html","PDF to JPG Converter - Convert PDF to Images Online Free","pdf to jpg",49500,"pdf to jpg converter",49500,"pdf to image",33100,"N/A",0
"pdf-to-ppt-convert.html","PDF to PowerPoint Converter - Convert PDF to PPT/PPTX Online Free","pdf to ppt",27100,"pdf to ppt converter",27100,"pdf to powerpoint",22200,"N/A",0
"pdf-to-ppt.html","PDF to PowerPoint Converter - Convert PDF to PPT/PPTX Online Free","pdf to ppt",27100,"pdf to ppt converter",27100,"pdf to powerpoint",22200,"N/A",0
"pdf-to-text-convert.html","Pdf To Text - Online Free Tool","pdf to text",2970,"N/A",0,"N/A",0,"N/A",0
"pdf-to-text.html","Pdf To Text - Online Free Tool","pdf to text",2970,"N/A",0,"N/A",0,"N/A",0
"pdf-to-word.html","PDF to Word Converter - Convert PDF to DOC/DOCX Online Free","pdf to word",110000,"pdf to word converter",110000,"pdf to doc",90500,"N/A",0
"photo-enhancer-convert.html","Photo Enhancer - Online Free Tool","photo enhancer -",3000,"N/A",0,"N/A",0,"N/A",0
"photo-enhancer.html","Photo Enhancer - Online Free Tool","photo enhancer -",3000,"N/A",0,"N/A",0,"N/A",0
"png-to-ico-convert.html","Png To Ico - Online Free Tool","png to ico",500,"N/A",0,"N/A",0,"N/A",0
"png-to-ico.html","Png To Ico - Online Free Tool","png to ico",500,"N/A",0,"N/A",0,"N/A",0
"png-to-webp-convert.html","Png To Webp - Online Free Tool","png to webp",500,"N/A",0,"N/A",0,"N/A",0
"png-to-webp.html","Png To Webp - Online Free Tool","png to webp",500,"N/A",0,"N/A",0,"N/A",0
"ppt-to-pdf-convert.html","PowerPoint to PDF Converter - Convert PPT/PPTX to PDF Online Free","pdf converter",450000,"ppt to pdf converter",22200,"powerpoint to pdf",18100,"N/A",0
"ppt-to-pdf-new.html","PowerPoint to PDF Converter - Convert PPT/PPTX to PDF Online Free","pdf converter",450000,"ppt to pdf converter",22200,"powerpoint to pdf",18100,"N/A",0
"ppt-to-pdf.html","PowerPoint to PDF Converter - Convert PPT/PPTX to PDF Online Free","pdf converter",450000,"ppt to pdf converter",22200,"powerpoint to pdf",18100,"N/A",0
"pricing.html","Pricing - Online Free Tool","pricing -",500,"N/A",0,"N/A",0,"N/A",0
"privacy-policy.html","Privacy Policy - Online Free Tool","privacy policy -",500,"N/A",0,"N/A",0,"N/A",0
"protect-excel.html","Protect Excel - Online Free Tool","protect excel -",12150,"N/A",0,"N/A",0,"N/A",0
"protect-pdf.html","Protect PDF - Password Protect PDF Online Free","protect pdf",18100,"password protect pdf",18100,"secure pdf",12100,"N/A",0
"psd-to-jpg-convert.html","Psd To Jpg - Online Free Tool","psd to jpg",500,"N/A",0,"N/A",0,"N/A",0
"psd-to-jpg.html","Psd To Jpg - Online Free Tool","psd to jpg",500,"N/A",0,"N/A",0,"N/A",0
"psd-to-png-convert.html","Psd To Png - Online Free Tool","psd to png",500,"N/A",0,"N/A",0,"N/A",0
"psd-to-png.html","Psd To Png - Online Free Tool","psd to png",500,"N/A",0,"N/A",0,"N/A",0
"rar-extractor-convert.html","Rar Extractor - Online Free Tool","rar extractor",12100,"N/A",0,"N/A",0,"N/A",0
"rar-extractor.html","Rar Extractor - Online Free Tool","rar extractor",12100,"N/A",0,"N/A",0,"N/A",0
"rar-to-zip-convert.html","Rar To Zip - Online Free Tool","rar to zip",500,"N/A",0,"N/A",0,"N/A",0
"rar-to-zip.html","Rar To Zip - Online Free Tool","rar to zip",500,"N/A",0,"N/A",0,"N/A",0
"raw-to-jpg-convert.html","Raw To Jpg - Online Free Tool","raw to jpg",500,"N/A",0,"N/A",0,"N/A",0
"raw-to-jpg.html","Raw To Jpg - Online Free Tool","raw to jpg",500,"N/A",0,"N/A",0,"N/A",0
"refund-policy.html","Refund Policy - Money Back Guarantee Terms & Conditions","refund policy -",500,"N/A",0,"N/A",0,"N/A",0
"result.html","Conversion Result - Download Your Converted File","conversion result -",500,"N/A",0,"N/A",0,"N/A",0
"resume-maker.html","Resume Maker Online Free - Create Professional Resume & CV Builder 2025","resume maker",110000,"resume maker online free",110000,"resume builder",90500,"online resume creator",33100
"rtf-to-pdf-convert.html","Rtf To Pdf - Online Free Tool","rtf to pdf",5000,"N/A",0,"N/A",0,"N/A",0
"rtf-to-pdf.html","Rtf To Pdf - Online Free Tool","rtf to pdf",5000,"N/A",0,"N/A",0,"N/A",0
"search.html","Search Our Website","search our website",500,"N/A",0,"N/A",0,"N/A",0
"shipping-billing.html","Shipping & Billing Information - Update Your Details","shipping & billing",500,"N/A",0,"N/A",0,"N/A",0
"signup.html","Signup - Online Free Tool","signup -",500,"N/A",0,"N/A",0,"N/A",0
"split-pdf-convert.html","Split PDF Result - Download Your Split PDF Files","split pdf",74000,"split pdf online free",74000,"divide pdf",18100,"N/A",0
"split-pdf.html","Split PDF - Split PDF Pages Online Free","split pdf",74000,"split pdf online free",74000,"divide pdf",18100,"N/A",0
"svg-to-jpg-convert.html","Svg To Jpg - Online Free Tool","svg to jpg",500,"N/A",0,"N/A",0,"N/A",0
"svg-to-jpg.html","Svg To Jpg - Online Free Tool","svg to jpg",500,"N/A",0,"N/A",0,"N/A",0
"svg-to-png-convert.html","Svg To Png - Online Free Tool","svg to png",500,"N/A",0,"N/A",0,"N/A",0
"svg-to-png.html","Svg To Png - Online Free Tool","svg to png",500,"N/A",0,"N/A",0,"N/A",0
"tar-to-zip-convert.html","Tar To Zip - Online Free Tool","tar to zip",500,"N/A",0,"N/A",0,"N/A",0
"tar-to-zip.html","Tar To Zip - Online Free Tool","tar to zip",500,"N/A",0,"N/A",0,"N/A",0
"terms-of-service.html","Terms Of Service - Online Free Tool","terms of service",500,"N/A",0,"N/A",0,"N/A",0
"test-backend-connection.html","Backend Connection Test","backend connection test",500,"N/A",0,"N/A",0,"N/A",0
"tiff-to-png-convert.html","Tiff To Png - Online Free Tool","tiff to png",500,"N/A",0,"N/A",0,"N/A",0
"tiff-to-png.html","Tiff To Png - Online Free Tool","tiff to png",500,"N/A",0,"N/A",0,"N/A",0
"transparent-background-maker-convert.html","Transparent Background Maker - Online Free Tool","transparent background maker",40500,"N/A",0,"N/A",0,"N/A",0
"transparent-background-maker.html","Transparent Background Maker - Online Free Tool","transparent background maker",40500,"N/A",0,"N/A",0,"N/A",0
"txt-to-pdf-convert.html","Txt To Pdf - Online Free Tool","txt to pdf",5000,"N/A",0,"N/A",0,"N/A",0
"txt-to-pdf.html","Txt To Pdf - Online Free Tool","txt to pdf",5000,"N/A",0,"N/A",0,"N/A",0
"unlock-pdf.html","Unlock PDF - Remove PDF Password Online Free","unlock pdf",14800,"password protect pdf",18100,"secure pdf",12100,"N/A",0
"watermark-pdf-convert.html","Watermarked PDF Download - Your PDF with Watermark Ready","watermarked pdf download",4440,"add watermark to pdf",12100,"pdf watermark",9900,"N/A",0
"watermark-pdf.html","Add Watermark to PDF Online Free - PDF Watermarking Tool 2025","add watermark to",4440,"add watermark to pdf",12100,"pdf watermark",9900,"N/A",0
"webp-to-png-convert.html","Webp To Png - Online Free Tool","webp to png",500,"N/A",0,"N/A",0,"N/A",0
"webp-to-png.html","Webp To Png - Online Free Tool","webp to png",500,"N/A",0,"N/A",0,"N/A",0
"word-to-pdf-convert.html","Word to PDF Converter - Convert DOC/DOCX to PDF Online Free","pdf converter",450000,"word to pdf converter",135000,"doc to pdf",90500,"N/A",0
"word-to-pdf.html","Word to PDF Converter - Convert DOC/DOCX to PDF Online Free","pdf converter",450000,"word to pdf converter",135000,"doc to pdf",90500,"N/A",0
"zip-extractor-convert.html","Zip Extractor - Online Free Tool","zip extractor -",3630,"N/A",0,"N/A",0,"N/A",0
"zip-extractor.html","Zip Extractor - Online Free Tool","zip extractor -",3630,"N/A",0,"N/A",0,"N/A",0
"zip-to-rar-convert.html","Zip To Rar - Online Free Tool","zip to rar",500,"N/A",0,"N/A",0,"N/A",0
"zip-to-rar.html","Zip To Rar - Online Free Tool","zip to rar",500,"N/A",0,"N/A",0,"N/A",0
